{
  "Q-Learning (full)": 0.006565640873892071,
  "Q-Learning (no Dyna replay)": 0.006630140964731154,
  "PG (full)": 0.006663036458407356,
  "PG (no return norm)": 0.006590298320571826,
  "DQN (full)": 0.00653898202375979,
  "DQN (single net)": 0.006410551195447909,
  "DQN (n_step=1)": 0.0059133912542318435
}