{
  "Q-Learning (full)": 0.006524346506161422,
  "Q-Learning (no Dyna replay)": 0.006570564696619058,
  "PG (full)": 0.006549252150967779,
  "PG (no return norm)": 0.005526673844194506,
  "DQN (full)": 0.006490305409626977,
  "DQN (single net)": 0.00665529180118024,
  "DQN (n_step=1)": 0.0057658167310564
}