{
  "Q-Learning (full)": 0.006717560756502143,
  "Q-Learning (no Dyna replay)": 0.006725851969159194,
  "PG (full)": 0.00659323699530165,
  "PG (no return norm)": 0.005993546224554139,
  "DQN (full)": 0.006701554056485834,
  "DQN (single net)": 0.006765820468039502,
  "DQN (n_step=1)": 0.005617167345709098
}