{
  "Q-Learning (full)": 0.006560680336513211,
  "Q-Learning (no Dyna replay)": 0.0066901258021149325,
  "PG (full)": 0.006083047252941683,
  "PG (no return norm)": 0.005967541710588295,
  "DQN (full)": 0.006653456727211798,
  "DQN (single net)": 0.006557835791741433,
  "DQN (n_step=1)": 0.006078182634241472
}