{
  "Q-Learning (full)": 0.006506009382950071,
  "Q-Learning (no Dyna replay)": 0.0065692230930053655,
  "PG (full)": 0.006615937611436474,
  "PG (no return norm)": 0.006299014252119855,
  "DQN (full)": 0.0065189096925829595,
  "DQN (single net)": 0.006520213899033534,
  "DQN (n_step=1)": 0.005891317763334481
}