{
  "seeds": [
    0,
    1,
    2,
    3,
    4
  ],
  "train_episodes": 2000,
  "eval_episodes": 200,
  "results": {
    "Q-Learning (full)": {
      "mean": 0.006574847571203783,
      "std": 7.475504104023695e-05,
      "per_seed": [
        0.006717560756502143,
        0.006565640873892071,
        0.006560680336513211,
        0.006524346506161422,
        0.006506009382950071
      ]
    },
    "Q-Learning (no Dyna replay)": {
      "mean": 0.00663718130512594,
      "std": 6.288284970955795e-05,
      "per_seed": [
        0.006725851969159194,
        0.006630140964731154,
        0.0066901258021149325,
        0.006570564696619058,
        0.0065692230930053655
      ]
    },
    "PG (full)": {
      "mean": 0.006500902093810988,
      "std": 0.00021212583652007092,
      "per_seed": [
        0.00659323699530165,
        0.006663036458407356,
        0.006083047252941683,
        0.006549252150967779,
        0.006615937611436474
      ]
    },
    "PG (no return norm)": {
      "mean": 0.0060754148704057235,
      "std": 0.0003562463918098819,
      "per_seed": [
        0.005993546224554139,
        0.006590298320571826,
        0.005967541710588295,
        0.005526673844194506,
        0.006299014252119855
      ]
    },
    "DQN (full)": {
      "mean": 0.006580641581933472,
      "std": 8.201078082944759e-05,
      "per_seed": [
        0.006701554056485834,
        0.00653898202375979,
        0.006653456727211798,
        0.006490305409626977,
        0.0065189096925829595
      ]
    },
    "DQN (single net)": {
      "mean": 0.006581942631088524,
      "std": 0.00012079549656364518,
      "per_seed": [
        0.006765820468039502,
        0.006410551195447909,
        0.006557835791741433,
        0.00665529180118024,
        0.006520213899033534
      ]
    },
    "DQN (n_step=1)": {
      "mean": 0.0058531751457146595,
      "std": 0.00015429866050750964,
      "per_seed": [
        0.005617167345709098,
        0.0059133912542318435,
        0.006078182634241472,
        0.0057658167310564,
        0.005891317763334481
      ]
    }
  }
}